conversation_id,topic_l1,topic_l2,seed_entity,turns,user_queries,expanded_queries,named_entities,needs_expansion,created_at
conv_0000_politics_india,Politics,India,Narendra Modi,"[{""role"": ""user"", ""text"": ""who is the prime minister of india?""}, {""role"": ""assistant"", ""text"": ""The Prime Minister of India is Narendra Modi, in office since 2014.""}, {""role"": ""user"", ""text"": ""what are his duties?""}, {""role"": ""assistant"", ""text"": ""He leads the Union Cabinet, sets national policy, and represents India globally.""}, {""role"": ""user"", ""text"": ""that's quite a responsibility, what about his background?""}, {""role"": ""assistant"", ""text"": ""Before becoming PM, Narendra Modi served as the Chief Minister of Gujarat from 2001 to 2014.""}, {""role"": ""user"", ""text"": ""and what were his achievements in gujarat?""}, {""role"": ""assistant"", ""text"": ""He implemented various economic and social reforms, which contributed to Gujarat's rapid growth during his tenure.""}, {""role"": ""user"", ""text"": ""okay, and how does he handle international relations?""}, {""role"": ""assistant"", ""text"": ""Narendra Modi has been known to maintain strong diplomatic ties with several countries, including the US, Japan, and Israel.""}, {""role"": ""user"", ""text"": ""that's interesting, what about his relationship with pakistan?""}, {""role"": ""assistant"", ""text"": ""His relationship with Pakistan has been complex, with periods of tension and attempts at diplomatic engagement.""}, {""role"": ""user"", ""text"": ""wait a sec, brb""}, {""role"": ""assistant"", ""text"": ""Take your time!""}, {""role"": ""user"", ""text"": ""back, so what were we discussing?""}, {""role"": ""assistant"", ""text"": ""We were talking about Narendra Modi's international relations, specifically his relationship with Pakistan.""}, {""role"": ""user"", ""text"": ""right, and what about china?""}, {""role"": ""assistant"", ""text"": ""Narendra Modi's government has had a complex relationship with China, with disagreements over border issues and trade.""}, {""role"": ""user"", ""text"": ""how does he compare to other pm's in terms of foreign policy?""}, {""role"": ""assistant"", ""text"": ""Narendra Modi's foreign policy approach has been distinct, with a focus on strengthening ties with other nations while maintaining a strong stance on national interests.""}]","[""who is the prime minister of india?"", ""what are his duties?"", ""that's quite a responsibility, what about his background?"", ""and what were his achievements in gujarat?"", ""okay, and how does he handle international relations?"", ""that's interesting, what about his relationship with pakistan?"", ""wait a sec, brb"", ""back, so what were we discussing?"", ""right, and what about china?"", ""how does he compare to other pm's in terms of foreign policy?""]","[""who is the prime minister of india?"", ""what are the duties of Narendra Modi as Prime Minister of India?"", ""that's quite a responsibility, what about the background of Narendra Modi?"", ""and what were the achievements of Narendra Modi in Gujarat?"", ""okay, and how does Narendra Modi handle international relations as Prime Minister of India?"", ""that's interesting, what about the relationship between Narendra Modi and Pakistan?"", ""wait a sec, brb"", ""back, so what were we discussing about Narendra Modi?"", ""right, and what about the relationship between Narendra Modi and China?"", ""how does Narendra Modi compare to other Prime Ministers of India in terms of foreign policy?""]","[[""India""], [""Narendra Modi"", ""India""], [""Narendra Modi""], [""Narendra Modi"", ""Gujarat""], [""Narendra Modi"", ""India""], [""Narendra Modi"", ""Pakistan""], [], [""Narendra Modi""], [""Narendra Modi"", ""China""], [""Narendra Modi"", ""India""]]","[false, true, true, true, true, true, false, true, true, true]",2026-04-10T17:15:56.686737
conv_0001_politics_india,Politics,India,Rahul Gandhi,"[{""role"": ""user"", ""text"": ""who is the leader of the indian national congress?""}, {""role"": ""assistant"", ""text"": ""The leader of the Indian National Congress is Rahul Gandhi, although he has stepped down as the party president, he still remains a key figure.""}, {""role"": ""user"", ""text"": ""what are his views on economic policies?""}, {""role"": ""assistant"", ""text"": ""Rahul Gandhi has been a vocal critic of the current government's economic policies, advocating for a more inclusive and socially conscious approach.""}, {""role"": ""user"", ""text"": ""that's interesting, what about his stance on agriculture?""}, {""role"": ""assistant"", ""text"": ""He has been a strong supporter of farmers' rights, pushing for policies that benefit the agricultural sector and improve the lives of farmers.""}, {""role"": ""user"", ""text"": ""and how does he compare to modi?""}, {""role"": ""assistant"", ""text"": ""Rahul Gandhi and Narendra Modi have distinct ideologies, with Gandhi focusing on social welfare and Modi on economic growth and development.""}, {""role"": ""user"", ""text"": ""okay, got it, brb""}, {""role"": ""assistant"", ""text"": ""Take your time, I'll be here when you're ready to continue.""}, {""role"": ""user"", ""text"": ""back, so what were we saying about gandhi?""}, {""role"": ""assistant"", ""text"": ""We were discussing his views on economic policies and agriculture, as well as his comparison to Narendra Modi.""}, {""role"": ""user"", ""text"": ""right, and what about his role in the party now?""}, {""role"": ""assistant"", ""text"": ""Although he is no longer the party president, Rahul Gandhi still plays a significant role in shaping the party's policies and direction.""}, {""role"": ""user"", ""text"": ""what about the upcoming elections?""}, {""role"": ""assistant"", ""text"": ""The Indian National Congress, led by figures like Rahul Gandhi, is gearing up for the elections, with a focus on regaining power and implementing their vision for the country.""}, {""role"": ""user"", ""text"": ""how does he plan to tackle corruption?""}, {""role"": ""assistant"", ""text"": ""Rahul Gandhi has consistently spoken out against corruption, promising to implement stricter laws and increase transparency if the Congress comes to power.""}, {""role"": ""user"", ""text"": ""that's a tough task, what about his sister?""}, {""role"": ""assistant"", ""text"": ""Priyanka Gandhi Vadra, Rahul's sister, has also been involved in politics, working to support the Congress party and its initiatives.""}]","[""who is the leader of the indian national congress?"", ""what are his views on economic policies?"", ""that's interesting, what about his stance on agriculture?"", ""and how does he compare to modi?"", ""okay, got it, brb"", ""back, so what were we saying about gandhi?"", ""right, and what about his role in the party now?"", ""what about the upcoming elections?"", ""how does he plan to tackle corruption?"", ""that's a tough task, what about his sister?""]","[""who is the leader of the Indian National Congress?"", ""what are Rahul Gandhi's views on economic policies?"", ""that's interesting, what about Rahul Gandhi's stance on agriculture?"", ""and how does Rahul Gandhi compare to Narendra Modi?"", ""okay, got it, brb"", ""back, so what were we saying about Rahul Gandhi?"", ""right, and what about Rahul Gandhi's role in the Indian National Congress now?"", ""what about the upcoming elections in India?"", ""how does Rahul Gandhi plan to tackle corruption?"", ""that's a tough task, what about Rahul Gandhi's sister, Priyanka Gandhi Vadra?""]","[[""Indian National Congress""], [""Rahul Gandhi""], [""Rahul Gandhi""], [""Rahul Gandhi"", ""Narendra Modi""], [], [""Rahul Gandhi""], [""Rahul Gandhi"", ""Indian National Congress""], [""India""], [""Rahul Gandhi""], [""Rahul Gandhi"", ""Priyanka Gandhi Vadra""]]","[false, true, true, true, false, true, true, true, true, true]",2026-04-10T17:16:03.648627
conv_0002_politics_india,Politics,India,Manmohan Singh,"[{""role"": ""user"", ""text"": ""who was the prime minister of india before narendra modi?""}, {""role"": ""assistant"", ""text"": ""The Prime Minister of India before Narendra Modi was Manmohan Singh, who served from 2004 to 2014.""}, {""role"": ""user"", ""text"": ""what were his key achievements?""}, {""role"": ""assistant"", ""text"": ""Manmohan Singh's government implemented several notable policies, including the National Rural Employment Guarantee Act and the Right to Information Act.""}, {""role"": ""user"", ""text"": ""what about his economic policies?""}, {""role"": ""assistant"", ""text"": ""He played a crucial role in liberalising India's economy during his tenure as Finance Minister in the 1990s, and continued to focus on economic growth as PM.""}, {""role"": ""user"", ""text"": ""that's interesting, what were his challenges?""}, {""role"": ""assistant"", ""text"": ""Manmohan Singh faced several challenges, including the 2008 global financial crisis, and had to navigate complex coalition politics.""}, {""role"": ""user"", ""text"": ""how did he handle coalitions?""}, {""role"": ""assistant"", ""text"": ""He led the United Progressive Alliance (UPA) coalition, which included the Indian National Congress and several smaller parties, requiring careful management.""}, {""role"": ""user"", ""text"": ""brb, need to check something""}, {""role"": ""assistant"", ""text"": ""Take your time, I'll be here when you're ready.""}, {""role"": ""user"", ""text"": ""back, so what were we saying?""}, {""role"": ""assistant"", ""text"": ""We were discussing Manmohan Singh's term as Prime Minister, specifically his handling of coalition politics.""}, {""role"": ""user"", ""text"": ""right, and his relation with congress?""}, {""role"": ""assistant"", ""text"": ""As the Prime Minister from the Indian National Congress, he had a close relationship with the party, particularly with Sonia Gandhi, the party president.""}, {""role"": ""user"", ""text"": ""what about his successor, how did that transition happen?""}, {""role"": ""assistant"", ""text"": ""After completing two terms, Manmohan Singh made way for a new government, and Narendra Modi took office in 2014, marking a significant shift in India's political landscape.""}, {""role"": ""user"", ""text"": ""how does modi's economic policy compare to his?""}, {""role"": ""assistant"", ""text"": ""While both leaders have focused on economic growth, Modi's policies have been more geared towards attracting foreign investment and promoting entrepreneurship, differing from Manmohan Singh's more cautious approach.""}]","[""who was the prime minister of india before narendra modi?"", ""what were his key achievements?"", ""what about his economic policies?"", ""that's interesting, what were his challenges?"", ""how did he handle coalitions?"", ""brb, need to check something"", ""back, so what were we saying?"", ""right, and his relation with congress?"", ""what about his successor, how did that transition happen?"", ""how does modi's economic policy compare to his?""]","[""who was the prime minister of india before narendra modi?"", ""what were the key achievements of Manmohan Singh as Prime Minister of India?"", ""what about the economic policies of Manmohan Singh as Prime Minister of India?"", ""that's interesting, what were the challenges faced by Manmohan Singh as Prime Minister of India?"", ""how did Manmohan Singh handle coalitions as Prime Minister of India?"", ""brb, need to check something"", ""back, so what were we saying about Manmohan Singh as Prime Minister of India?"", ""right, and what was the relation between Manmohan Singh and the Indian National Congress?"", ""what about the transition from Manmohan Singh to his successor, Narendra Modi, as Prime Minister of India?"", ""how does Narendra Modi's economic policy compare to Manmohan Singh's economic policy as Prime Minister of India?""]","[[""India"", ""Narendra Modi""], [""Manmohan Singh""], [""Manmohan Singh""], [""Manmohan Singh""], [""Manmohan Singh""], [], [""Manmohan Singh""], [""Manmohan Singh"", ""Indian National Congress""], [""Manmohan Singh"", ""Narendra Modi""], [""Narendra Modi"", ""Manmohan Singh""]]","[false, true, true, true, true, false, true, true, true, true]",2026-04-10T17:16:18.315197
conv_0003_politics_uk,Politics,UK,Rishi Sunak,"[{""role"": ""user"", ""text"": ""who is the current prime minister of the uk?""}, {""role"": ""assistant"", ""text"": ""The current Prime Minister of the UK is Rishi Sunak, who took office in October 2022.""}, {""role"": ""user"", ""text"": ""what are his key policies?""}, {""role"": ""assistant"", ""text"": ""Rishi Sunak has focused on tackling inflation, improving public services, and supporting economic growth.""}, {""role"": ""user"", ""text"": ""how does he plan to achieve that?""}, {""role"": ""assistant"", ""text"": ""He aims to reduce borrowing, increase productivity, and invest in key sectors like education and infrastructure.""}, {""role"": ""user"", ""text"": ""that sounds interesting, what about his background?""}, {""role"": ""assistant"", ""text"": ""Before becoming PM, Rishi Sunak served as Chancellor of the Exchequer, and he has a strong educational background in economics.""}, {""role"": ""user"", ""text"": ""got it, so he's an economist by training...""}, {""role"": ""assistant"", ""text"": ""Yes, that's correct, which has influenced his approach to economic policy.""}, {""role"": ""user"", ""text"": ""brb, need to check something""}, {""role"": ""assistant"", ""text"": ""Take your time, I'll be here when you're ready.""}, {""role"": ""user"", ""text"": ""back, so what were we saying about sunak?""}, {""role"": ""assistant"", ""text"": ""We were discussing his background in economics and how it shapes his policy decisions.""}, {""role"": ""user"", ""text"": ""okay, and how does he compare to his predecessors?""}, {""role"": ""assistant"", ""text"": ""Rishi Sunak is the first British Asian PM, and his priorities differ from those of Boris Johnson, who focused on Brexit and COVID recovery.""}, {""role"": ""user"", ""text"": ""that's a good point, what about his relationship with the eu?""}, {""role"": ""assistant"", ""text"": ""As PM, Rishi Sunak has maintained a pragmatic approach to EU relations, focusing on trade and security cooperation.""}, {""role"": ""user"", ""text"": ""and what about the opposition, can they challenge him?""}, {""role"": ""assistant"", ""text"": ""The Labour Party, led by Keir Starmer, is the main opposition, and they have been critical of Sunak's economic policies.""}]","[""who is the current prime minister of the uk?"", ""what are his key policies?"", ""how does he plan to achieve that?"", ""that sounds interesting, what about his background?"", ""got it, so he's an economist by training..."", ""brb, need to check something"", ""back, so what were we saying about sunak?"", ""okay, and how does he compare to his predecessors?"", ""that's a good point, what about his relationship with the eu?"", ""and what about the opposition, can they challenge him?""]","[""who is the current prime minister of the united kingdom?"", ""what are the key policies of Rishi Sunak as Prime Minister of the UK?"", ""how does Rishi Sunak plan to achieve his goals of tackling inflation, improving public services, and supporting economic growth?"", ""that sounds interesting, what is the background of Rishi Sunak?"", ""got it, so Rishi Sunak is an economist by training..."", ""brb, need to check something"", ""back, so what were we saying about Rishi Sunak?"", ""okay, and how does Rishi Sunak compare to his predecessors as Prime Minister of the UK?"", ""that's a good point, what about the relationship of Rishi Sunak with the European Union?"", ""and what about the opposition, can they challenge Rishi Sunak as Prime Minister of the UK?""]","[[""UK""], [""Rishi Sunak"", ""UK""], [""Rishi Sunak""], [""Rishi Sunak""], [""Rishi Sunak""], [], [""Rishi Sunak""], [""Rishi Sunak"", ""UK""], [""Rishi Sunak"", ""European Union""], [""Rishi Sunak"", ""UK""]]","[true, true, true, true, true, false, true, true, true, true]",2026-04-10T17:16:31.512421
conv_0004_politics_uk,Politics,UK,Boris Johnson,"[{""role"": ""user"", ""text"": ""who is the current prime minister of the uk?""}, {""role"": ""assistant"", ""text"": ""The current Prime Minister of the UK is Rishi Sunak, but before him, it was Boris Johnson, who served from 2019 to 2022.""}, {""role"": ""user"", ""text"": ""what were his key policies?""}, {""role"": ""assistant"", ""text"": ""Boris Johnson's key policies included Brexit, as he led the country's withdrawal from the EU, and the \""Levelling Up\"" agenda to reduce regional disparities.""}, {""role"": ""user"", ""text"": ""how did he handle brexit?""}, {""role"": ""assistant"", ""text"": ""Boris Johnson played a crucial role in negotiating the UK's exit from the EU, and his government oversaw the transition period and implementation of new trade agreements.""}, {""role"": ""user"", ""text"": ""and what about his successor?""}, {""role"": ""assistant"", ""text"": ""Rishi Sunak has built upon some of Johnson's initiatives, but has also introduced his own policies, such as measures to address the cost of living crisis.""}, {""role"": ""user"", ""text"": ""what are his duties now?""}, {""role"": ""assistant"", ""text"": ""As the former Prime Minister, Boris Johnson is now a backbench MP, and his duties include representing his constituency and contributing to parliamentary debates.""}, {""role"": ""user"", ""text"": ""brb, need to check something""}, {""role"": ""assistant"", ""text"": ""Take your time, I'll be here when you're ready.""}, {""role"": ""user"", ""text"": ""back, so what were we saying about boris johnson?""}, {""role"": ""assistant"", ""text"": ""We were discussing his current role as a backbench MP, and how he's still involved in politics, although not in a leadership position.""}, {""role"": ""user"", ""text"": ""what about his time as mayor of london?""}, {""role"": ""assistant"", ""text"": ""Before becoming Prime Minister, Boris Johnson served as the Mayor of London from 2008 to 2016, during which he implemented initiatives like the bike-sharing scheme and Olympics preparations.""}, {""role"": ""user"", ""text"": ""how does he compare to other uk leaders?""}, {""role"": ""assistant"", ""text"": ""Boris Johnson's leadership style and policies have been compared to those of other UK leaders, such as Tony Blair and David Cameron, with some noting his unique approach to Brexit and populism.""}, {""role"": ""user"", ""text"": ""and what about his relationship with the eu?""}, {""role"": ""assistant"", ""text"": ""Boris Johnson's relationship with the EU has been complex, given his role in the Brexit negotiations and the subsequent implementation of the UK's withdrawal agreement.""}]","[""who is the current prime minister of the uk?"", ""what were his key policies?"", ""how did he handle brexit?"", ""and what about his successor?"", ""what are his duties now?"", ""brb, need to check something"", ""back, so what were we saying about boris johnson?"", ""what about his time as mayor of london?"", ""how does he compare to other uk leaders?"", ""and what about his relationship with the eu?""]","[""who is the current prime minister of the united kingdom?"", ""what were the key policies of Boris Johnson as Prime Minister of the UK?"", ""how did Boris Johnson handle the UK's withdrawal from the European Union?"", ""and what about Rishi Sunak, the successor of Boris Johnson as Prime Minister of the UK?"", ""what are the duties of Boris Johnson now that he is no longer the Prime Minister of the UK?"", ""brb, need to check something"", ""back, so what were we saying about Boris Johnson?"", ""what about Boris Johnson's time as Mayor of London?"", ""how does Boris Johnson compare to other leaders of the United Kingdom?"", ""and what about Boris Johnson's relationship with the European Union?""]","[[""UK""], [""Boris Johnson"", ""UK""], [""Boris Johnson"", ""UK"", ""European Union""], [""Rishi Sunak"", ""Boris Johnson"", ""UK""], [""Boris Johnson"", ""UK""], [], [""Boris Johnson""], [""Boris Johnson"", ""London""], [""Boris Johnson"", ""UK""], [""Boris Johnson"", ""European Union""]]","[true, true, true, true, true, false, false, true, true, true]",2026-04-10T17:16:47.252940
conv_0005_politics_usa,Politics,USA,Joe Biden,"[{""role"": ""user"", ""text"": ""who is the current president of the united states?""}, {""role"": ""assistant"", ""text"": ""The current President of the United States is Joe Biden, inaugurated in 2021.""}, {""role"": ""user"", ""text"": ""what are his main goals for the country?""}, {""role"": ""assistant"", ""text"": ""He has focused on issues like climate change, economic recovery, and expanding healthcare access.""}, {""role"": ""user"", ""text"": ""that sounds like a lot, what about his approach to foreign policy?""}, {""role"": ""assistant"", ""text"": ""Joe Biden has emphasized rebuilding alliances and engaging in diplomatic efforts, especially with European nations.""}, {""role"": ""user"", ""text"": ""how does he compare to his predecessor?""}, {""role"": ""assistant"", ""text"": ""Unlike Donald Trump, Joe Biden has taken a more multilateral approach to international relations.""}, {""role"": ""user"", ""text"": ""okay, got it... so what about his vice president?""}, {""role"": ""assistant"", ""text"": ""Kamala Harris is the Vice President, the first woman to hold the office, and has been involved in various policy initiatives.""}, {""role"": ""user"", ""text"": ""what's her role in the administration?""}, {""role"": ""assistant"", ""text"": ""She has been tasked with leading efforts on immigration reform, among other responsibilities.""}, {""role"": ""user"", ""text"": ""brb, need to check something""}, {""role"": ""assistant"", ""text"": ""Take your time, I'll be here when you're ready.""}, {""role"": ""user"", ""text"": ""back, so what were we saying about biden's administration?""}, {""role"": ""assistant"", ""text"": ""We were discussing Vice President Kamala Harris's role and responsibilities in the administration.""}, {""role"": ""user"", ""text"": ""right, and how does she work with biden?""}, {""role"": ""assistant"", ""text"": ""They have a close working relationship, with Biden often delegating tasks and seeking her input on key issues.""}, {""role"": ""user"", ""text"": ""that's good to know... now what about congress?""}, {""role"": ""assistant"", ""text"": ""The current Congress is divided, with Democrats holding a slim majority in the House and a tied Senate.""}]","[""who is the current president of the united states?"", ""what are his main goals for the country?"", ""that sounds like a lot, what about his approach to foreign policy?"", ""how does he compare to his predecessor?"", ""okay, got it... so what about his vice president?"", ""what's her role in the administration?"", ""brb, need to check something"", ""back, so what were we saying about biden's administration?"", ""right, and how does she work with biden?"", ""that's good to know... now what about congress?""]","[""who is the current president of the United States?"", ""what are Joe Biden's main goals for the United States?"", ""that sounds like a lot, what about Joe Biden's approach to foreign policy?"", ""how does Joe Biden compare to his predecessor, Donald Trump?"", ""okay, got it... so what about Joe Biden's vice president?"", ""what is Kamala Harris's role in the Joe Biden administration?"", ""brb, need to check something"", ""back, so what were we saying about Joe Biden's administration?"", ""right, and how does Kamala Harris work with Joe Biden?"", ""that's good to know... now what about the United States Congress?""]","[[""United States""], [""Joe Biden"", ""United States""], [""Joe Biden""], [""Joe Biden"", ""Donald Trump""], [""Joe Biden""], [""Kamala Harris"", ""Joe Biden""], [], [""Joe Biden""], [""Kamala Harris"", ""Joe Biden""], [""United States Congress""]]","[false, true, true, true, true, true, false, true, true, true]",2026-04-10T17:16:59.293206
conv_0006_politics_usa,Politics,USA,Donald Trump,"[{""role"": ""user"", ""text"": ""who was the 45th president of the united states?""}, {""role"": ""assistant"", ""text"": ""The 45th President of the United States was Donald Trump, serving from 2017 to 2021.""}, {""role"": ""user"", ""text"": ""what were his major policies?""}, {""role"": ""assistant"", ""text"": ""He focused on tax cuts, deregulation, and a hardline stance on immigration, among other issues.""}, {""role"": ""user"", ""text"": ""and how did he handle foreign policy?""}, {""role"": ""assistant"", ""text"": ""He pursued an \""America First\"" approach, withdrawing from several international agreements and imposing tariffs on trading partners.""}, {""role"": ""user"", ""text"": ""that's interesting, what about his relationship with russia?""}, {""role"": ""assistant"", ""text"": ""His relationship with Russia was a subject of controversy, particularly regarding allegations of election interference.""}, {""role"": ""user"", ""text"": ""and what did he say about it?""}, {""role"": ""assistant"", ""text"": ""He often downplayed the allegations, and his comments on the matter were widely scrutinized by the media and politicians.""}, {""role"": ""user"", ""text"": ""okay, so what about his predecessor?""}, {""role"": ""assistant"", ""text"": ""His predecessor, Barack Obama, had a very different approach to foreign policy, emphasizing multilateralism and diplomacy.""}, {""role"": ""user"", ""text"": ""and how did trump compare to obama?""}, {""role"": ""assistant"", ""text"": ""Trump's policies and style were often seen as a stark contrast to Obama's, with Trump taking a more divisive and populist approach.""}, {""role"": ""user"", ""text"": ""that makes sense, wait a sec""}, {""role"": ""assistant"", ""text"": ""Sure, take your time!""}, {""role"": ""user"", ""text"": ""back, so what were we saying about trump?""}, {""role"": ""assistant"", ""text"": ""We were discussing his policies and how they compared to his predecessor, Barack Obama.""}, {""role"": ""user"", ""text"": ""right, and what about his time as a businessman?""}, {""role"": ""assistant"", ""text"": ""Before entering politics, Trump was a real estate developer and entrepreneur, with a range of successful and unsuccessful ventures.""}]","[""who was the 45th president of the united states?"", ""what were his major policies?"", ""and how did he handle foreign policy?"", ""that's interesting, what about his relationship with russia?"", ""and what did he say about it?"", ""okay, so what about his predecessor?"", ""and how did trump compare to obama?"", ""that makes sense, wait a sec"", ""back, so what were we saying about trump?"", ""right, and what about his time as a businessman?""]","[""who was the 45th president of the united states?"", ""what were the major policies of Donald Trump as the President of the United States?"", ""and how did Donald Trump handle foreign policy as the President of the United States?"", ""that's interesting, what about the relationship between Donald Trump and Russia?"", ""and what did Donald Trump say about his relationship with Russia?"", ""okay, so what about the predecessor of Donald Trump, Barack Obama?"", ""and how did Donald Trump compare to Barack Obama in terms of policies and style?"", ""that makes sense, wait a sec"", ""back, so what were we saying about Donald Trump?"", ""right, and what about the time Donald Trump spent as a businessman before becoming the President of the United States?""]","[[""United States""], [""Donald Trump"", ""United States""], [""Donald Trump"", ""United States""], [""Donald Trump"", ""Russia""], [""Donald Trump"", ""Russia""], [""Donald Trump"", ""Barack Obama""], [""Donald Trump"", ""Barack Obama""], [], [""Donald Trump""], [""Donald Trump"", ""United States""]]","[false, true, true, true, true, true, true, false, true, true]",2026-04-10T17:17:13.609951
conv_0007_politics_usa,Politics,USA,Barack Obama,"[{""role"": ""user"", ""text"": ""who was the president of the usa before donald trump?""}, {""role"": ""assistant"", ""text"": ""The President of the USA before Donald Trump was Barack Obama, serving two terms from 2009 to 2017.""}, {""role"": ""user"", ""text"": ""what were his major accomplishments?""}, {""role"": ""assistant"", ""text"": ""Barack Obama's major accomplishments include the Affordable Care Act, also known as Obamacare, and the Dodd-Frank financial reform.""}, {""role"": ""user"", ""text"": ""that's really interesting, what about his foreign policy?""}, {""role"": ""assistant"", ""text"": ""His foreign policy focused on diplomacy and international cooperation, including the Iran nuclear deal and the Paris Climate Agreement.""}, {""role"": ""user"", ""text"": ""and what about his wife, what's her name?""}, {""role"": ""assistant"", ""text"": ""Barack Obama's wife is Michelle Obama, a former First Lady who was known for her advocacy on education and healthy eating.""}, {""role"": ""user"", ""text"": ""wait a sec, brb""}, {""role"": ""assistant"", ""text"": ""Take your time, I'll be here when you get back.""}, {""role"": ""user"", ""text"": ""back, so what were we talking about?""}, {""role"": ""assistant"", ""text"": ""We were discussing Barack Obama's presidency, including his domestic and foreign policy accomplishments, as well as his wife Michelle Obama.""}, {""role"": ""user"", ""text"": ""right, and how does he compare to other presidents?""}, {""role"": ""assistant"", ""text"": ""Barack Obama is often compared to other Democratic presidents, such as Bill Clinton and Jimmy Carter, but his policies and approach were unique to his time in office.""}, {""role"": ""user"", ""text"": ""what about his relationship with joe biden?""}, {""role"": ""assistant"", ""text"": ""Barack Obama and Joe Biden had a close working relationship during their time in office together, with Biden serving as Obama's Vice President.""}, {""role"": ""user"", ""text"": ""that's cool, what did biden do after obama's term ended?""}, {""role"": ""assistant"", ""text"": ""After Barack Obama's term ended, Joe Biden went on to run for president himself, winning the election in 2020 and becoming the 46th President of the USA.""}, {""role"": ""user"", ""text"": ""okay, got it, and what about obama's post-presidency?""}, {""role"": ""assistant"", ""text"": ""Since leaving office, Barack Obama has remained active in politics, advocating for issues like voting rights and climate change, and writing several bestselling books.""}]","[""who was the president of the usa before donald trump?"", ""what were his major accomplishments?"", ""that's really interesting, what about his foreign policy?"", ""and what about his wife, what's her name?"", ""wait a sec, brb"", ""back, so what were we talking about?"", ""right, and how does he compare to other presidents?"", ""what about his relationship with joe biden?"", ""that's cool, what did biden do after obama's term ended?"", ""okay, got it, and what about obama's post-presidency?""]","[""who was the president of the United States of America before Donald Trump?"", ""what were the major accomplishments of Barack Obama as President of the United States?"", ""that's really interesting, what about the foreign policy of Barack Obama as President of the United States?"", ""and what about the wife of Barack Obama, what is her name?"", ""wait a sec, brb"", ""back, so what were we talking about regarding Barack Obama's presidency?"", ""right, and how does Barack Obama compare to other presidents of the United States?"", ""what about the relationship between Barack Obama and Joe Biden?"", ""that's cool, what did Joe Biden do after Barack Obama's term as President of the United States ended?"", ""okay, got it, and what about the post-presidency of Barack Obama?""]","[[""USA"", ""Donald Trump""], [""Barack Obama""], [""Barack Obama""], [""Barack Obama""], [], [""Barack Obama""], [""Barack Obama""], [""Barack Obama"", ""Joe Biden""], [""Joe Biden"", ""Barack Obama""], [""Barack Obama""]]","[true, true, true, true, false, true, true, true, true, true]",2026-04-10T17:17:27.571724
conv_0008_sports_cricket,Sports,Cricket,Virat Kohli,"[{""role"": ""user"", ""text"": ""who is the best batsman in cricket right now?""}, {""role"": ""assistant"", ""text"": ""Many consider Virat Kohli to be one of the best, known for his exceptional technique and impressive run-scoring record.""}, {""role"": ""user"", ""text"": ""what makes him so good?""}, {""role"": ""assistant"", ""text"": ""His ability to adapt to different conditions, coupled with his incredible athleticism and dedication to fitness, set him apart from others.""}, {""role"": ""user"", ""text"": ""and his role in the team is?""}, {""role"": ""assistant"", ""text"": ""As a key batsman and former captain, he plays a crucial role in shaping India's batting strategy and leading by example.""}, {""role"": ""user"", ""text"": ""what about his captaincy?""}, {""role"": ""assistant"", ""text"": ""Under his captaincy, India achieved several notable victories, including a Test series win in Australia, and he's widely respected for his leadership skills.""}, {""role"": ""user"", ""text"": ""that's really impressive, wait a sec""}, {""role"": ""assistant"", ""text"": ""Sure, take your time!""}, {""role"": ""user"", ""text"": ""back, so what were we saying about kohli?""}, {""role"": ""assistant"", ""text"": ""We were discussing his captaincy and the impact he had on the Indian team during his tenure as captain.""}, {""role"": ""user"", ""text"": ""and how does he compare to other greats like sachin?""}, {""role"": ""assistant"", ""text"": ""Both Kohli and Sachin Tendulkar are highly revered for their batting prowess, but Kohli's consistency and ability to perform under pressure are often compared to Sachin's incredible career statistics.""}, {""role"": ""user"", ""text"": ""what about in the ipl, does he have a good record?""}, {""role"": ""assistant"", ""text"": ""Yes, as the captain of Royal Challengers Bangalore, Virat Kohli has had a successful run in the IPL, with several impressive individual performances.""}, {""role"": ""user"", ""text"": ""and who's his main competitor in the ipl?""}, {""role"": ""assistant"", ""text"": ""His main competitor is often considered to be other strong teams like Mumbai Indians, led by Rohit Sharma, with whom he has a long-standing on-field rivalry.""}, {""role"": ""user"", ""text"": ""compare kohli and rohit as captains""}, {""role"": ""assistant"", ""text"": ""Both are highly accomplished captains, but Kohli's aggressive approach is often contrasted with Rohit's more strategic and composed leadership style.""}]","[""who is the best batsman in cricket right now?"", ""what makes him so good?"", ""and his role in the team is?"", ""what about his captaincy?"", ""that's really impressive, wait a sec"", ""back, so what were we saying about kohli?"", ""and how does he compare to other greats like sachin?"", ""what about in the ipl, does he have a good record?"", ""and who's his main competitor in the ipl?"", ""compare kohli and rohit as captains""]","[""who is the best batsman in cricket right now?"", ""what makes Virat Kohli so good?"", ""and what is Virat Kohli's role in the Indian cricket team?"", ""what about Virat Kohli's captaincy of the Indian cricket team?"", ""that's really impressive, wait a sec"", ""back, so what were we saying about Virat Kohli?"", ""and how does Virat Kohli compare to other greats like Sachin Tendulkar?"", ""what about in the Indian Premier League, does Virat Kohli have a good record?"", ""and who is Virat Kohli's main competitor in the Indian Premier League?"", ""compare Virat Kohli and Rohit Sharma as captains in the Indian Premier League""]","[[], [""Virat Kohli""], [""Virat Kohli"", ""India""], [""Virat Kohli"", ""India""], [], [""Virat Kohli""], [""Virat Kohli"", ""Sachin Tendulkar""], [""Virat Kohli"", ""Indian Premier League""], [""Virat Kohli"", ""Indian Premier League""], [""Virat Kohli"", ""Rohit Sharma"", ""Indian Premier League""]]","[false, true, true, true, false, true, true, true, true, true]",2026-04-10T17:17:43.055933
